{
  "map": [
    {
      "type": "player",
      "posX": 0,
      "posY": 1.641926,
      "scaleX": 10,
      "scaleY": 10
    },
    {
      "type": "flat_long",
      "posX": 0,
      "posY": 0,
      "scaleX": 10,
      "scaleY": 10
    },
    {
      "type": "flat_short",
      "posX": 12,
      "posY": 4,
      "scaleX": 10,
      "scaleY": 10
    },
    {
      "type": "coin",
      "posX": 2,
      "posY": 2.5,
      "scaleX": 1,
      "scaleY": 1
    },
    {
      "type": "flat_short",
      "posX": 28,
      "posY": 5,
      "scaleX": 10,
      "scaleY": 10
    },
    {
      "type": "clear",
      "posX": 38,
      "posY": 7,
      "scaleX": 2,
      "scaleY": 1
    }
  ]
}