{
	"map": [
		{
			"type": "player",
			"posX": 0,
			"posY": 1.641926,
			"scaleX": 10,
			"scaleY": 10
		},
		{
			"type": "flat_long",
			"posX": 0,
			"posY": 0,
			"scaleX": 10,
			"scaleY": 10
		},
		{
			"type": "flat_short",
			"posX": 8,
			"posY": 3,
			"scaleX": 10,
			"scaleY": 10
		},
		{
			"type": "flat_short",
			"posX": 20,
			"posY": 5,
			"scaleX": 10,
			"scaleY": 10
		},
		{
			"type": "thorn",
			"posX": 21,
			"posY": 6,
			"scaleX": 10,
			"scaleY": 10
		},
		{
			"type": "flat_short",
			"posX": 28,
			"posY": 6,
			"scaleX": 10,
			"scaleY": 10
		},
		{
			"type": "clear",
			"posX": 33,
			"posY": 7,
			"scaleX": 2,
			"scaleY": 1
		}
	]
}